{
    "Diana DeGette": {
        "population": {
            "min": 0.0,
            "q1": 0.0,
            "median": 0.0,
            "q3": 0.2816076108358607,
            "max": 0.5519373821598754
        },
        "wvap": {
            "min": 0.0,
            "q1": 0.0,
            "median": 0.0,
            "q3": 0.3759244536214559,
            "max": 0.6582881950203909
        },
        "bvap": {
            "min": 0.0,
            "q1": 0.0,
            "median": 0.0,
            "q3": 0.05605806811836962,
            "max": 0.10941373534338358
        }
    },
    "Joe Neguse": {
        "population": {
            "min": 0.12133428176491796,
            "q1": 0.21404439717753443,
            "median": 0.21404439717753443,
            "q3": 0.2620051532686785,
            "max": 0.2620051532686785
        },
        "wvap": {
            "min": 0.11146004848035854,
            "q1": 0.1827843845212921,
            "median": 0.1827843845212921,
            "q3": 0.2191243006270696,
            "max": 0.2191243006270696
        },
        "bvap": {
            "min": 0.06825849987023098,
            "q1": 0.1629898780171295,
            "median": 0.1629898780171295,
            "q3": 0.1881650661821957,
            "max": 0.1881650661821957
        }
    },
    "Lauren Boebert": {
        "population": {
            "min": 0.04778214494061169,
            "q1": 0.04778214494061169,
            "median": 0.04778214494061169,
            "q3": 0.04778214494061169,
            "max": 0.04778214494061169
        },
        "wvap": {
            "min": 0.03774130924963525,
            "q1": 0.03774130924963525,
            "median": 0.03774130924963525,
            "q3": 0.03774130924963525,
            "max": 0.03774130924963525
        },
        "bvap": {
            "min": 0.06719911870008262,
            "q1": 0.06719911870008262,
            "median": 0.06719911870008262,
            "q3": 0.06719911870008262,
            "max": 0.06719911870008262
        }
    },
    "Ken Buck": {
        "population": {
            "min": 0.2905548608461468,
            "q1": 0.30392855849809086,
            "median": 0.30392855849809086,
            "q3": 0.3693634543241715,
            "max": 0.41520847316487636
        },
        "wvap": {
            "min": 0.30893996939791135,
            "q1": 0.32469905470247146,
            "median": 0.32469905470247146,
            "q3": 0.3866237181042551,
            "max": 0.4639831242850847
        },
        "bvap": {
            "min": 0.3440765268579838,
            "q1": 0.352317880794702,
            "median": 0.352317880794702,
            "q3": 0.4753495217071376,
            "max": 0.8019131714495953
        }
    },
    "Doug Lamborn": {
        "population": {
            "min": 0.6697701743078013,
            "q1": 0.6844723920999768,
            "median": 0.6891165165725359,
            "q3": 0.73243662009085,
            "max": 0.7724253717318157
        },
        "wvap": {
            "min": 0.6428588651729825,
            "q1": 0.7551383570760313,
            "median": 0.7613207820140624,
            "q3": 0.8079638506573046,
            "max": 0.8515711654015683
        },
        "bvap": {
            "min": 0.12235969159046083,
            "q1": 0.12235969159046083,
            "median": 0.13164783934014704,
            "q3": 0.13709879863726018,
            "max": 0.22599964138425677
        }
    },
    "Jason Crow": {
        "population": {
            "min": 0.13897309573773323,
            "q1": 0.14361843598523405,
            "median": 0.14361843598523405,
            "q3": 0.31418290887975725,
            "max": 0.4133545177187146
        },
        "wvap": {
            "min": 0.1815765936957969,
            "q1": 0.18890320810842476,
            "median": 0.18890320810842476,
            "q3": 0.25302251419460103,
            "max": 0.3649191186345751
        },
        "bvap": {
            "min": 0.02531239252550728,
            "q1": 0.02533532041728763,
            "median": 0.02533532041728763,
            "q3": 0.7434139630860942,
            "max": 0.8385188581909894
        }
    }
}